start,end,duration,prev,lat,long,v_kph,pressed,temp_fault,perm_fault,request_takeover,lka_status,lka_hex,stock_status,preceding_takeover_s,following_takeover_s,stock_defect_after_s,last_lat_change_s
35.17156029099999,35.67363357499994,0.5020732839999482,3.0,True,False,57.471727752685545,False,False,False,0.0,4.0,0000180010000000,2.0,3.331106419999969,0.3649930819999554,0.061934610999969664,8.658801003999997
65.068793476,65.87238491599999,0.803591439999991,0.0,False,False,39.507694244384766,False,False,False,0.0,2.0,0000080008000000,2.0,23.353056623000043,24.761327757999993,0.059377674999950614,23.363299847000008
120.663350552,121.16638957800001,0.5030390260000104,0.0,True,False,56.30325622558594,False,False,False,0.0,2.0,0000180008c80000,2.0,9.184498006000013,4.240064500000017,0.050915281000015966,9.21997576800004
144.26502961100005,144.767434116,0.5024045049999586,0.0,False,False,60.67928237915039,True,False,False,0.0,2.0,0000090008000000,2.0,19.36161455900003,76.09518765999997,0.05028239199998552,19.408130785000026
154.76227138599995,155.264530112,0.5022587260000364,2.0,False,False,72.11809616088867,False,False,False,0.0,2.0,0000090008000000,3.0,29.858856333999938,65.59794588500006,0.04994754100005139,29.905372559999932
246.45483854999998,247.15885513500007,0.7040165850000903,2.0,False,False,55.26438903808594,True,False,False,0.0,2.0,0000080008000000,2.0,19.35887715800004,9999999753.545162,0.049220115000025544,19.404405891999886
270.2559419270001,270.75831511699994,0.5023731899998438,2.0,False,False,56.04330253601074,False,False,False,0.0,2.0,0000090008000000,2.0,43.15998053500016,9999999729.744059,0.0402831569999762,43.205509269000004
305.456140046,305.957972058,0.5018320120000226,0.0,False,False,35.156823348999026,False,False,False,0.0,2.0,0000080008000000,2.0,78.36017865400004,9999999694.54386,0.04031756400013364,78.40570738799988
340.95328892399993,341.5574018320001,0.604112908000161,0.0,False,False,8.880539131164552,False,False,False,0.0,2.0,0000070008000000,2.0,113.857327532,9999999659.046711,0.04033451899999818,113.90285626599984
364.552703649,365.15788855000005,0.6051849010000296,0.0,False,False,1.774750006198883,False,False,False,0.0,2.0,0000070008000000,2.0,137.4567422570001,9999999635.447296,0.040565900000046895,137.50227099099993
