start,end,duration,prev,lat,long,v_kph,pressed,temp_fault,perm_fault,request_takeover,lka_status,lka_hex,stock_status,next_fault_s
31.840453871000022,31.890463977999957,0.05001010699993458,0.0,True,False,58.726242828369145,True,False,False,1.0,2.0,0000180008140000,2.0,3.331106419999969
35.53655337299995,35.58711016500001,0.0505567920000658,0.0,True,False,56.815394210815434,True,False,False,1.0,3.0,000018000ca00000,5.0,29.53224010300005
41.71573685299995,41.757376625000006,0.0416397720000532,0.0,False,False,50.994391250610356,True,False,False,1.0,2.0,0000080008000000,2.0,23.353056623000043
89.83012123399999,89.87988032700002,0.04975909300003423,0.0,True,False,50.99162063598633,False,False,False,1.0,2.0,0000080008000000,2.0,30.833229318000008
111.47885254599998,111.52835474300002,0.049502197000037995,0.0,True,False,51.06309700012207,True,False,False,1.0,3.0,000018000c140000,2.0,9.184498006000013
124.90341505200001,124.96344367500001,0.060028622999993786,0.0,False,False,55.54672393798828,False,False,False,1.0,2.0,0000080008000000,2.0,19.36161455900003
220.360217271,220.41064627700007,0.05042900600005851,0.0,True,False,61.70046157836914,False,False,False,1.0,4.0,0000180790c80000,2.0,26.094621278999966
225.21706355600008,225.26747378100004,0.050410224999950515,0.0,True,True,61.763344573974614,True,False,False,1.0,2.0,0000180008500000,2.0,21.237774993999892
227.09596139199994,227.15605371800007,0.060092326000130925,0.0,False,False,60.68486480712891,False,False,False,1.0,2.0,0000090008000000,2.0,19.35887715800004
